aamiin;amin 
adek;adik 
adlh;adalah 
aer;air 
aiskrim;es krim 
aj;saja 
aja;saja 
ajah;saja 
ajalah;saja 
aje;saja 
ajh;saja 
ajh;saja
ajj;saja
aku;saya
ak;saya 
akoh;saya
akutu;saya
aq;saya
alesan;alasan 
ama;sama 
amaca;ah masa
amuh;kamu
ancur;hancur 
ane;saya 
anget;hangat 
anjeng;anjing 
ank;anak 
apah;apa 
aph;apa
apo;apa 
apose;apa
apz;apa
aq;saya
artine;artinya 
asek;asik 
ati2;hati-hati 
atit;sakit 
atu;satu 
atw;atau 
ayang;sayang 
ayuk;ayo 
babang;abang
bae;baik 
bais;habis
bakalan;akan 
bales;balas 
bandingin;bandingkan 
banget;sekali 
bangett;sangat 
banyakin;perbanyak 
barengan;bersamaan 
baryaw;sabar ya
baso;bakso 
bay;selamat tinggal
bbrp;beberapa 
bc;baca 
bcs;bisa 
bct;bicara 
bdan;badan 
bdg;bandung 
bdn;badan 
becanda;bercanda 
bedua;berdua 
bego;bodoh 
bekel;bekal 
belom;belum 
belon;belum 
bener;benar 
bener2;benar-benar 
beneran;benar 
berantem;bertengkar 
berenti;berhenti 
besoq;besok
bete;sebal 
beud;banget
bg;bagi 
bgd;sangat 
bget;sangat 
bgini;begini 
bgitu;begitu 
bgks;bungkus 
bgm;bagaimana 
bgmn;bagaimana 
bgn;bangun 
bgni;begini 
bgntdr;bangun tidur 
bgs;bagus 
bgt;sangat 
bgtu;begitu 
bgus;bagus 
bhay;selamat tinggal
bhn;bahan 
bhs;bahas 
bhw;bahwa 
bhy;bahaya 
bisaa;bisa 
bisya;bisa
biza;bisa
bj;baju 
bju;baju 
bk;buku 
bkan;bukan 
bkin;bikin 
bkl;bakal 
bkn;bukan 
bkr;bakar 
bks;bungkus 
bl;beli 
blajar;belajar 
blg;bilang 
blh;boleh 
bli;beli 
blik;balik 
bljr;belajar 
blk;balik 
blkg;belakang 
blkng;belakang 
blkngny;belakangnya 
blm;belum 
bln;bulan 
blng;bilang 
blngn;bilang 
blom;belum 
bls;balas 
blum;belum 
bndg;bandung 
bndr;bandar 
bner;benar 
bneran;benar 
bnget;sangat 
bngks;bungkus 
bngng;bingung 
bngt;sangat 
bngun;bangun 
bnr;benar 
bnrbnr;benar-benar 
bnrn;benar 
bntar;sebentar 
bntr;sebentar 
bntr;sebentar
bnyak;banyak 
bnyk;banyak 
bnykny;banyaknya 
bobo;tidur 
bobok;tidur 
bokap;ayah 
bole;boleh 
boong;bohong 
bosen;bosan 
bpk;bapak 
brani;berani 
brapa;berapa 
brarti;berarti 
brasa;berasa 
brg;barang 
brgkt;berangkat 
brhsl;berhasil 
brjln;berjalan 
brkfst;breakfast 
brmslh;bermasalah 
brngkt;berangkat 
brp;berapa 
brpa;berapa 
brrti;berarti 
brs;beres 
brshbt;bersahabat 
brsm;bersama 
brthn;bertahan 
brtmn;berteman 
bru;baru 
bs;bisa 
bs;bisa
bsa;bisa 
bsa;bisa
bsk;besok 
bsk;besok
bsok;besok 
bsoq;besok
bsr;besar 
btg;batang 
bth;butuh 
btl;betul 
btul;betul 
buad;buat 
buatin;buatkan 
bucin;budak cinta
bulcit;omong kosong
bw;bawa 
bwa;bawa 
bwh;bawah 
bwt;buat 
byk;banyak 
bynk;banyak 
byr;bayar 
cabal;sabar 
cabut;pergi
caiank;sayang
cakep;cakap 
cape;lelah
capek;lelah
catet;catat 
cb;coba 
cekola;sekolah
cekolah;sekolah
celalaw;selalu
celalu;selalu
cemungudh;semangat
cemungut;semangat
cemunguth;semangat
cepet;cepat 
cewe;cewek 
cibuq;sibuk
cini;sini
ciyus;serius
ckp;cukup 
ckrg;sekarang 
ckup;cukup 
cll;selalu
cllu;selalu
cllw;selalu
cm;cuma 
cma;cuma 
cman;hanya 
cmn;hanya 
cmpk;cempaka 
cobaa;coba 
coeg;jancuk 
cowo;cowok 
cpat;cepat 
cpe;capek
cpee;capek
cpet;cepat 
cpt;cepat 
cptn;cepatan 
crt;cerita 
cth;contoh 
cug;jancuk 
cuk;jancuk 
cuman;hanya
cungguh;sungguh 
cw;cewek 
cwe;cewek 
cwo;cowok 
cyang;sayang 
dah;sudah 
dah;sudah
dalem;dalam 
dapa;ada apa
dapah;ada apa
dapet;dapat 
dapetin;mendapatkan 
dateng;datang 
dberkahi;diberkahi 
dblg;dibilang 
dblkng;dibelakang 
dbls;dibalas 
dbwt;dibuat 
dbyr;dibayar 
de;deh 
demen;suka 
denger;dengar 
deres;deras 
dftr;daftar 
dftr;daftar
dg;dengan 
dgn;dengan 
dgr;dengar 
dgrn;dengarin 
dh;deh 
dh;sudah
didenger;didengar 
didengerin;didengarkan 
diem;diam 
dijadiin;dijadikan 
dikit;sedikit 
dimance;dimana
dimandose;dimana
dimans;dimana
dipake;dipakai 
dipendem;dipendam 
dirmh;di rumah 
ditemenin;ditemani 
djkt;di jakarta 
djl;di jalan 
djln;di jalan 
dkat;dekat 
dket;dekat 
dkls;di kelas 
dkmps;di kampus 
dkmr;di kamar 
dkntr;di kantor 
dksh;dikasih 
dkt;dekat 
dl;dulu 
dll;dan lain
dlm;dalam 
dlrng;dilarang 
dlu;dulu 
dluan;duluan 
dmana;dimana 
dmkn;dimakan 
dmn;dimana 
dmna;dimana 
dmnmn;dimana-mana 
dmny;dimananya 
dng;dengan 
dngar;dengar 
dnger;dengar 
dngerin;dengar 
dngn;dengan 
dngr;dengar 
doang;saja 
doank;saja 
donlot;download 
doyan;suka 
dpan;depan 
dpet;dapat 
dpk;depok 
dpkrkn;dipikirkan 
dpn;depan 
dpnrmh;depan rumah 
dpt;dapat 
dr;dari 
drg;dokter gigi 
drh;darah 
dri;dari 
drmh;di rumah 
drmn;darimana 
drpd;daripada 
drtd;dari tadi
drumah;di rumah
dsb;dan sebagainya
dsblh;di sebelah
dsini;disini 
dsklh;di sekolah
dsni;di sini
dst;dan seterusnya
dtg;datang 
dtgny;datangnya 
dtmbh;ditambah 
dtmpt;di tempat
dtng;datang 
duluw;dulu
dy;dia 
ea;ya
eeq;feses 
elo;kamu 
emang;memang 
emangnya;memangnya 
emank;memang 
emg;memang 
emg;memang
emng;memang 
engga;tidak 
enggak;tidak 
enk;enak 
entar;nanti 
ente;anda 
eps;episode 
eteb;bosan
eug;saya
faham;paham 
fb;facebook 
fav;favorit
fave;favorit
g;tidak
ga;tidak 
ga;tidak
gaada;tidak ada
gabisa;tidak bisa
gaboleh;tidak boleh
gabut;menganggur
gada;tidak ada
gaenak;tidak enak
gajadi;tidak jadi
gajelas;tidak jelas
gak;tidak 
gak;tidak
gakuat;tidak kuat
gakz;tidak
galo;galau 
gamasuk;tidak masuk
gamau;tidak mau
gapake;tidak pakai
gapapa;tidak apa-apa
gapernah;tidak pernah
gapunya;tidak punya
garem;garam 
gasuka;tidak suka
gatau;tidak tahu
gataw;tidak tahu
gatel;gatal 
gausah;tidak usah
gawe;kerja 
gblk;goblok
gbr;gambar 
gdg;gudang 
gembel;jelek 
gengges;ganggu
ghiy;lagi
gi;lagi
gilak;gila 
gile;gila 
gitu;begitu 
gituan;begitu 
gituh;begitu 
gituin;itu 
gk;tidak 
gk;gak 
gk;tidak
gmana;bagaimana 
gmbr;gambar 
gmn;bagaimana 
gmna;bagaimana 
gmpg;gampang 
gmpng;gampang 
gni;begini 
gnti;ganti 
gpny;tidak punya
gpp;tidak apa-apa
gpp;tidak apa apa
gprnh;tidak pernah
gr2;gara-gara 
gratisan;gratis 
gt;begitu 
gtu;begitu 
gtw;tidak tahu
gua;saya 
gue;saya 
gue;saya
gw;saya 
gw;saya
gws;get well soon
gx;tidak
hadeh;aduh 
hapal;hafal
haqq;hakiki 
hargain;hargai 
harini;hari ini
hbd;happy birthday
hbis;habis 
hbng;hubungi 
hbs;habis 
hbskn;habiskan 
helo;halo 
heters;pembenci 
hlg;hilang 
hlm;halaman 
hlmn;halaman 
hny;hanya 
hnya;hanya
hqq;hakiki 
hr;hari 
hrg;harga 
hrgny;harganya 
hri;hari 
hrs;harus 
hrsny;harusnya 
hrus;harus 
hti;hati 
hums;rumah
humz;rumah
huum;iya
idiiot;idiot 
idup;hidup
ily;saya cinta kamu 
inget;ingat 
ingetin;ingatkan 
ingt;ingat 
istrht;istirahat 
item;hitam 
itumah;itu 
ituu;itu 
iy;iya 
iy;iya
iyach;iya
iyain;mengiyakan 
iyap;iya
iyapz;iya
iyoo;iya 
iyup;iya
iyupz;iya
jadiin;jadi 
jadull;jadul 
jamber;jam berapa
jancoeg;jancuk 
jatoh;jatuh 
jawabanya;jawabannya 
jd;jadi 
jd;jadi
jdi;jadi 
jdi;jadi
jdny;jadinya 
jdnya;jadinya 
jdwl;jadwal 
jem;jam 
jg;juga 
jg;juga
jga;juga 
jga;juga
jgan;jangan 
jglh;jagalah 
jgn;jangan 
jgn;jangan
jgnjgn;jangan-jangan 
jing;anjing 
jink;anjing 
jk;jika 
jkrt;jakarta 
jkt;jakarta 
jl;jalan 
jln;jalan 
jm;jam 
jmbtn;jembatan 
jml;jumlah 
jmlh;jumlah 
jmpt;jemput 
jmt;jumat 
jng;jangan 
jngan;jangan 
jngan;jangan
jngn;jangan 
jngn;jangan
jpn;jepang 
jrg;jarang 
jrng;jarang 
jwb;jawab 
jwbn;jawaban 
jwbny;jawabannya 
kacian;kasihan
kagak;tidak 
kaka;kakak
kalee;kali 
kaleyan;kalian
kalo;kalau 
kalu;kalau
kamsud;maksud 
kaos/mug/jaket; 
karna;karena 
karoke;karaoke 
kasian;kasihan 
kau;kamu 
kau;kamu
kayak;mirip 
kayanya;kayaknya 
kbnykn;kebanyakan 
kbr;kabar 
kbtln;kebetulan 
kbykn;kebanyakan 
kdg;kadang 
kdng;kadang 
kdpn;ke depan
kebawa;terbawa 
kecakepan;kecakapan 
keknya;sepertinya 
kelaperan;kelaparan 
kelar;selesai 
keles;kali
keliatan;kelihatan 
kemaren;kemarin 
kenapah;kenapa
kenape;kenapa 
kenaps;kenapa
kenapz;kenapa
kenceng;kencang 
kepengen;ingin 
kepngn;ingin 
kepo;ingin tahu
kerikil;kerikil 
kesampean;kesampaian 
kesel;kesal 
kesian;kasihan 
ketawa;tertawa 
keujanan;kehujanan 
keyen;keren
kga;tidak 
kgak;tidak 
kgk;tidak 
khabar;kabar 
khan;kan 
khan;kan
khanz;kan
khsny;khususnya 
khwtr;khawatir 
kirimin;kirimkan 
kite;kita 
kk;kakak 
kk;kakak
kl;kalau 
klau;kalau 
klh;kalah 
kli;kali 
klmpk;kelompok 
klo;kalau 
klo;kalau
klp;kelompok 
kls;kelas 
klu;kalau 
kluar;keluar 
klw;kalau 
klw;kalau
km;kamu 
km;kamu
kmaren;kemarin 
kmi;kami 
kmn;kemana 
kmna;kemana 
kmpret;kampret 
kmps;kamus 
kmr;kamar 
kmren;kemarin 
kmrin;kemarin 
kmrn;kemarin 
kmrn;kemarin
kmu;kamu 
kmu;kamu
kn;kan 
kna;kena 
knapa;kenapa 
kngen;kangen 
knl;kenal 
knp;kenapa 
knp;kenapa
knpa;kenapa 
kntr;kantor 
knyng;kenyang 
konsen;konsentrasi 
koq;kok 
koq;kok
kosan;kost 
kowe;kamu 
kpala;kepala 
kpan;kapan 
kpan;kapan
kpd;kepada 
kpgn;ingin 
kpn;kapan 
kpn;kapan
kpngn;ingin 
krg;kurang 
krikil;kerikil 
krja;kerja 
krmh;ke rumah
krn;karena 
krna;karena 
krng;kurang 
krupuk;kerupuk 
ksh;kasih 
ksian;kasihan 
ksih;kasih 
ksmptn;kesempatan 
ksn;kesana 
kt;kita 
kta;kita 
ktdrn;ketiduran 
ktemu;ketemu 
ktmpt;ke tempat
ktmu;ketemu 
ktny;katanya 
ktnya;katanya 
ktr;kantor 
kuq;kok
kuy;ayo
kw;kamu
kyak;seperti 
kyaknya;sepertinya 
kyanya;sepertinya 
kyk;seperti 
kyk;kayak 
kykny;sepertinya 
kyknya;sepertinya 
kyny;sepertinya 
kzl;kesal 
kzl;kesal
laen;lain 
laff;cinta
lagian;lagi 
lam;salam
laper;lapar 
lb;lembar 
lbh;lebih 
lbih;lebih 
leh;boleh
lelaahh;lelah 
lemes;lemas 
lg;lagi 
lgi;lagi 
lgkp;lengkap 
lgs;langsung 
lgsg;langsung 
lgsng;langsung 
lgsung;langsung 
liatin;lihat 
lm;lama 
lmyn;lumayan 
lngkp;lengkap 
lngsg;langsung 
lngsng;langsung 
lngsung;langsung 
lnjt;lanjut 
lnsg;langsung 
lnsng;langsung 
lo;kamu 
lo;kamu
loe;kamu 
loe;kamu
lom;belum
lov;cinta
love;cinta
low;kalau
lp;lupa
lpngn;lapangan 
lpr;lapar 
lsg;langsung 
lu;kamu 
lu;kamu
luchu;lucu
lum;belum
lun;belum
luthu;lucu
luv;cinta
lvl;level 
lw;kamu
lwt;lewat 
maaci;terima kasih
maacih;terima kasih
maap;maaf
maen;main 
mager;malas bergerak
makaci;terima kasih
makana;karena itu
makasi;terima kasih
makasihhh;terima kasih
make;pakai 
makn;makan 
malem;malam 
malem2;malam-malam 
malming;malam minggu
mamah;mama 
mamam;makan 
mampet;mampat 
mane;mana 
maneh;mana 
manggil;panggil 
mano;mana 
mantep;mantap 
masakin;masakan 
mateng;matang 
maw;mau
mcm;macam 
mct;macet 
mdg;lebih baik
mdgn;baikan 
mdh;mudah 
mdpt;mendapat 
melulu;selalu 
mendingan;lebih baik
menyempurnakan; 
merhatiin;memperhatikan 
mesen;pesan 
mgkn;mungkin 
mhs;mahasiswa 
mhsw;mahasiswa 
miapa;demi apa
miapah;demi apa
mikirin;memikirkan 
milih;pilih 
minjem;pinjam 
misal'a;misalnya
mk;maka 
mka;maka 
mkan;makan 
mkanan;makanan 
mkanya;makanya 
mkn;makan 
mknan;makanan 
mkny;maka itu
mksd;maksud 
mksdny;maksudnya 
mksdnya;maksudnya 
mksdq;maksudku 
mksh;terima kasih
mksih;terima kasih
mlah;malah 
mlm;malam 
mls;malas 
mmg;memang 
mn;mana 
mna;mana 
mndg;lebih baik
mndgn;lebih baik
mndgr;mendengar 
mndi;mandi 
mnding;lebih baik
mndptkn;mendapatkan 
mng;menang 
mnrt;menurut 
mnsempurnakan; 
mnt;minta 
mnta;minta 
mntp;mantap 
mnum;minum 
mnyakitiku;menyakitiku 
mnyngkn;menyenangkan 
mo;mau 
moga;semoga 
mosok;masa 
mreka;mereka 
mrh;marah 
mrk;mereka 
ms;mas 
msg;masing 
msh;masih 
msih;masih 
msk;masuk 
mski;meski 
mskipun;meskipun 
mskn;masakan 
msl;misal 
mslh;masalah 
msti;harus 
muke;muka 
mulu;terus 
musti;harus 
muup;maaf
mu'uv;maaf
mw;mau 
mw;mau
mz;mas 
nabung;tabung 
naek;naik 
nahan;tahan 
nak;anak
nambah;tambah 
nanya;tanya 
napa;kenapa 
napas;nafas 
nape;kenapa 
naq;anak
nasgor;nasi goreng
nax;anak
nda;tidak
ndak;tidak
ndax;tidak
ndk;tidak 
negri;negeri 
nelen;telan 
nemenin;menemani 
nemu;temu 
nengok;tengok 
ngabungin;menggabungkan
ngadain;mengadakan 
ngajak;mengajak 
ngajak;mengajak
ngajar;ajar 
ngak;tidak 
ngakak;terbahak-bahak 
ngambek;marah 
ngambil;ambil 
nganter;antar 
nganterin;antar 
ngarep;mengharap 
ngarepinnya;mengharapkannya 
ngasi;kasih 
ngasih;kasih 
ngegosip;gosip 
ngehadepin;menghadapi 
ngeliatin;melihat 
ngeluh;keluh 
ngerasa;merasa 
ngerasain;merasakan 
ngerjain;mengerjakan 
ngerokok;merokok 
ngerokok;merokok
ngetik;ketik 
ngga;tidak 
ngga;tidak
nggak;tidak 
nggak;tidak
nggax;tidak
nggesek;menggesek
nggk;tidak 
nggosok;menggosok
ngibul;berbohong
ngidam;idam 
ngikutin;ikuti 
ngilangin;menghilangkan 
nginep;menginap 
ngingetin;mengingatkan 
ngjk;mengajak 
ngk;tidak 
ngmbl;mengambil 
ngmg;omong 
ngmng;berbicara 
ngmpl;berkumpul 
ngmps;ke kampus
ngntk;mengantuk 
ngntr;ke kantor
ngobatin;obati 
ngobrol;bicara 
ngomong;bicara 
ngomongin;membicarakan 
ngrasain;merasakan 
ngundurin;mengundurkan 
ngunyah;kunyah 
ngurus;urus 
ni;ini 
nich;ini
ninggalin;tinggalkan 
nmbh;tambah 
nmny;namanya 
nmpk;nampak 
nmr;nomor 
nnti;nanti 
nntn;nonton 
nntn;menonton
nnton;nonton 
nolak;tolak 
nraktir;traktir 
ntah;entah 
ntap;mantap
ntar;nanti 
nti;nanti 
ntn;nonton 
ntn;menonton
nton;nonton 
ntr;nanti 
ntu;itu 
nungguin;tunggu 
nyakiti;menyakiti 
nyakitin;menyakiti 
nyalain;nyalakan 
nyampe;sampai 
nyangka;sangka 
nyantai;santai 
nyari;cari 
nyebelin;menyebalkan 
nyeremin;menyeramkan 
nyesek;sesak 
nyesel;menyesal 
nyetel;setel 
nyiksa;menyiksa 
nyoba;coba 
nyobain;coba 
nyuci;cuci 
nyukur;cukur 
nyuruh;suruh 
nyusul;susul 
oc;oke
oce;oke
ohh;oh
ok;oke
okedech;oke
okedeh;oke
okeh;baik 
okeh;oke
okz;oke
ol;online 
org;orang 
org;orang
org2;orang-orang 
orng;orang 
ortu;orangtua 
ouch;oh
ouh;oh
owh;oh
pait;pahit 
pake;pakai 
pakek;pakai 
pantesan;pantas 
pasutri;pasangan suami istri
paz;pas
pcr;pacar 
pcrn;pacaran 
pcrny;pacarnya 
pd;pada 
pdahal;padahal 
pdhal;padahal 
pdhl;padahal 
pedes;pedas 
pegi;pergi 
pengen;ingin
penghianat;pengkhianat 
pengin;ingin 
pengin;ingin
pesen;pesan 
pg;pergi 
pgen;ingin 
pgn;ingin 
pgn;ingin
pilem;film 
pingin;ingin 
pinjem;pinjam 
pinter;pintar 
pkai;pakai 
pke;pakai 
plg;pulang 
plis;tolong 
pljrn;pelajaran 
plng;pulang 
pmpuan;perempuan 
pndh;pindah 
pngen;ingin 
pngn;ingin 
pnjng;panjang 
pnting;penting 
pntng;penting 
pny;punya 
pnya;punya 
pokonya;pokoknya 
praktek;praktik 
prasaan;perasaan 
prgi;pergi 
prmhn;perumahan 
prmptn;perempatan 
prnah;pernah 
prnh;pernah 
prthnkn;pertahankan 
psg;pasang 
psng;pasang 
psr;pasar 
psti;pasti 
psti;pasti
ptg;penting 
punye;punya 
puter;putar 
puterin;putar 
pzt;pasti
q;saya
qaqa;kakak
qq;kakak
qt;kita 
qta;kita 
rada;agak 
rame;ramai 
rame2;ramai-ramai 
rasane;rasanya 
rb;ribu 
rmbt;rambut 
rmh;rumah 
rmh;rumah
rmhq;rumahku 
rsk;rusak 
sabeb;bebas
sabi;bisa
saje;saja 
salfok;salah fokus
saltum;salah kostum
sambel;sambal 
samo;sama 
sampe;sampai
sans;santai 
sape;siapa 
sateny;satenya 
sbg;sebagai 
sbl;sebelah 
sblh;sebelah 
sblhny;sebelahnya 
sblm;sebelum 
sblmny;sebelumnya 
sbnr;sebenarnya 
sbnrny;sebenarnya 
sbnrnya;sebenarnya 
sbnt;sebentar 
sbntr;sebentar 
sbr;sabar 
sbtr;sebentar 
scr;secara 
sdah;sudah 
sdg;sedang 
sdgkn;sedangkan 
sdh;sudah 
sdh;sudah
sdng;sedang 
sdngkn;sedangkan 
sebel;kesal 
sebenernya;sebenarnya 
sekola;sekolah 
selaw;santai
selow;sebentar 
selow;santai
semalem;semalam 
sembuhin;sembuhkan 
senen;senin 
seneng;senang 
serem;seram 
sesek;sesak
seterah;terserah 
sgala;segala 
sgini;segini 
sgitu;segitu 
sgt;sangat 
shap;siap
shaps;siap
shbt;sahabat 
shiet;tahi 
shit;tahi 
sihat;sehat 
sja;saja 
skali;sekali 
skalian;sekalian 
skit;sakit 
sklh;sekolah 
skola;sekolah 
skolah;sekolah 
skr;sekarang 
skrang;sekarang 
skrg;sekarang 
skrng;sekarang 
skt;sakit 
slah;salah 
slalu;selalu 
slamat;selamat 
slesai;selesai 
slg;saling 
slh;salah 
slhkn;salahkan 
sllu;selalu 
slm;salam 
slmt;selamat 
sls;selesai 
sm;sama 
smangat;semangat 
smbg;sambung 
smbh;sembuh 
smbhyg;sembahyang 
smbil;sambil 
smbl;sambil 
smbng;sambung 
smbrg;sembarang 
smbuh;sembuh 
smcm;semacam 
smg;semoga 
smga;semoga 
smgt;semangat 
smlm;semalam 
smlmn;semalaman 
smngt;semangat 
smntr;sementara 
smoga;semoga 
smpai;sampai 
smpe;sampai 
smpt;sempat 
smua;semua 
smuanya;semuanya 
sndiri;sendiri 
sndri;sendiri 
sngt;sangat 
sni;sini 
snyum;senyum 
soale;soalnya 
sodara;saudara 
sopo;siapa 
sorang;seorang 
sory;maaf 
sperti;seperti 
spnjng;sepanjang 
sprt;seperti 
sprtny;sepertinya 
spt;seperti 
sptny;sepertinya 
spy;supaya 
srg;sering 
sseorg;seseorang 
stelah;setelah 
stgh;setengah 
stiap;setiap 
stlh;setelah 
stngh;setengah 
sudh;sudah 
sy;saya 
sya;saya 
syantik;cantik
syg;sayang 
sygku;sayangku 
sygny;sayangnya 
syipp;sip
syng;sayang 
syp;siapa
tai;tahi 
tau;tahu 
tau;tahu
tauk;tahu
taunya;tahunya 
td;tadu 
tdi;tadi 
tdk;tidak 
tdk;tidak
tdny;tadinya 
tdr;tidur 
tdur;tidur 
telor;telur 
telp;telepon
telpon;telepon 
temen;teman 
temen2;teman-teman 
temenin;temani 
tercyduk;terciduk
teriakk;teriak 
teros;terus 
tetep;tetap 
tgannya;tangannya 
tggu;tunggu 
tgh;tengah 
tgl;tanggal 
tgl;tanggal
tgn;tangan 
tgs;tugas 
thd;terhadap 
thdp;terhadap 
thks;terima kasih
thn;tahun 
thnx;terima kasih
thx;terima kasih
tida;tidak 
tipi;tv 
tipi;televisi
tkut;tsayat 
tlg;tolong 
tlh;telah 
tlng;tolong 
tlp;telepon 
tlpn;telepon 
tamvan;tampan
tmbah;tambah 
tmbh;tambah 
tmen;teman 
tmn;teman 
tmpat;tempat 
tmpt;tempat 
tmsk;termasuk 
tnp;tanpa 
tnpa;tanpa 
tny;ternyata 
tnya;tanya 
tnyt;ternyata 
tp;tapi 
tp;tapi
tpi;tapi 
tq;terima kasih
trdpt;terdapat 
trgntng;tergantung 
trims;terima kasih
trimz;terima kasih
trjadi;terjadi 
trkdng;terkadang 
trkhr;terakhir 
trlalu;terlalu 
trmksh;terima kasih
trmsk;termasuk 
trnsfr;transfer 
trnyata;ternyata 
trnyt;ternyata 
trs;terus 
trsrh;terserah 
trus;terus 
tsadeest;sadis
tsb;tersebut 
tsbt;tersebut 
ttep;tetap 
ttg;tentang 
ttp;tetap 
tu;itu 
tuch;itu
tukeran;tukar 
tumben;tidak biasa
tw;tahu 
tw;tahu
u;kamu
ubat;obat 
ud;sudah 
uda;sudah 
udah;sudah 
udah;sudah
udd;sudah
udeh;sudah 
udh;sudah 
udh;sudah
uga;juga
ujan2an;hujan-hujanan 
untk;untuk 
utk;untuk 
von;telepon
w;saya
wa;saya
wad;buat
waduh;aduh 
wanjir;anjir 
wat;buat
wht;apa 
wkt;waktu 
wktu;waktu 
yaini;ya ini
yank;sayang 
yank;sayang
yap;ya
yaudh;ya sudah
yaw;ya
yawda;ya sudah
yela;yailah 
yelah;yailah 
yg;yang 
yng;yang 
yodah;ya sudah
yoi;iya
yup;ya 
yups;ya
yupz;ya
ywdh;ya sudah
blio;beliau
gak;tidak
kedpan;ke depan
bkn;bukan
akn;akan
skedar;sekedar
diharapakan;diharapkan
yaa;ya
feb;februari
adl;adalah
tuk;untuk 
tiap;setiap 
nyapein;lelah
jurdil;jujur adil
seruuuu;seru
gin;gini
haloo;halo
jum'at;jumat
august;agustus
optimiss;optimis
mnang;menang
gais;teman teman
halloo;halo
dmai;damai
akn;akan
&,dan,
1pun,satupun,
7an,tujuan,
@,di,
Dr,dokter,
Jkt,Jakarta,
Jkw,jokowi,
Napza,narkobapsikotropikadanzatadiktif,
Nasihat,nasehat,
SE,SuratEdaran,
ababil,abglabil,
abis,habis,
acc,accord,
accord,sesuai,
ad,ada,
adl,adalah,
adlah,adalah,
adlh,adalah,
administ,administrasi,
adoh,aduh,
afaik,asfarasiknow,
agma,agama,
aha,tertawa,
ahaha,haha,
ahiok,ahok,
ahoax,ahok,
ahokncc,ahok,
aing,saya,
aj,aja,
aj,saja,
aja,saja,
ajak2,ajak-ajak,
ajep-ajep,duniagemerlap,
ajj,saja,
ak,aku,
aka,dikenaljugasebagai,
akherat,akhirat,
akhirx,akhirnya,
akika,aku,
akko,aku,
akkoh,aku,
akku,aku,
akn,akan,
aktifis2,aktivis-aktivis,
aktivi,aktivis,
aktivis2,aktivis-aktivis,
akun2,akun-akun,
akuwh,aku,
akyu,aku,
alay,norak,
aleg,caleg,
alih2,alih-alih,
aljasa,asaljadisaja,
almaidahyg,almaidah,
alow,halo,
ama,sama,
ambilin,ambilkan,
ambl,ambil,
amerik,amarika,
anak2,anak-anak,
analisise,analisis,
ancur,hancur,
angis,nangis,
anjay,anjing,
anjir,anjing,
anjrit,anjing,
ank,anak,
anter,antar,
ap,apa,
ap2,apa-apa,
apaan,apa,
apasih,apasih,
ape,apa,
apes,sial,
aplot,unggah,
aps,apa,
apva,apa,
aq,saya,
aqu,aku,
aquwh,aku,
as,amerikaserikat,
asap,sesegeramungkin,
asbun,asalbunyi,
aseek,asyik,
aseekk,asyik,
asek,asyik,
asekk,asik,
asekk,asyik,
aseknya,asyiknya,
asem,asam,
asoy,asyik,
aspal,aslitetapipalsu,
astrojim,astagfirullahaladzim,
astul,asaltulis,
ath,kalaubegitu,
ato,atau,
ats,atas,
atuh,kalaubegitu,
atvsi,asosiasitelevisiswastaindonesia,
au,angkatanudara,
auah,tidakmautahu,
ava,avatar,
awak,saya,
aws,awas,
ay,sayang,
ayang,sayang,
ayank,sayang,
ayat2,ayat-ayat,
ayok,ayo,
b2,berdua,
b4,sebelum,
bacot,banyakbicara,
bajir,banjir,
bakalan,akan,
bales,balas,
bandes,bantuandesa,
bangdes,pembangunandesa,
bangedh,banget,
bangkotan,tua,
banpol,bantuanpolisi,
banpres,bantuanpresiden,
banpur,bantuantempur,
bansarkas,bantuansaranakesehatan,
baper,bawaperasaan,
basbang,basi,
bazis,"badanamal,zakat,infak,dansedekah",
bbrp,beberapa,
bcanda,bercanda,
bcoz,karena,
bdaya,budaya,
bdg,bandung,
bdk,budak,
beb,sayang,
bebal,bodoh,
bedakin,bedak,
begajulan,nakal,
bejibun,banyak,
beliin,belikan,
belom,belum,
bem,badaneksekutifmahasiswa,
benarjujur,benar,
benarjujur,jujur,
bencong,banci,
bener,benar,
bener2,benerbener,
bentar,sebentar,
ber2,berdua,
ber3,bertiga,
berdikari,berdiridiataskakisendiri,
beresin,membereskan,
berhenti2,berhentiberhenti,
bet,banget,
bete,bosan,
beti,bedatipis,
beud,banget,
beut,banget,
bg,abang,
bg,bagi,
bgd,banget,
bgm,bagaimana,
bgmn,bagaimana,
bgmn,bagaimana,
bgs,bagus,
bgst,bangsat,
bgt,banget,
bgtu,begitu,
bhai,bye,
bhkan,bahkan,
bhubu,tidur,
bhw,bahwa,
bhy,bahaya,
bijimane,bagaimana,
bilanh,bilang,
bimbuluh,bimbingandanpenyuluhan,
bintal,bimbinganmental,
bisi,kalau-kalau,
bkannya,bukannya,
bkl,akan,
bkmt,badankontakmajelistaklim,
bkn,bukan,
bknnya,bukannya,
bl,beli,
blas,balas,
blegug,bodoh,
blg,bilang,
blh,boleh,
blm,belum,
bln,bulan,
bls,balas,
blum,belum,
bnchi,benci,
bnci,benci,
bnda,benda,
bngung,bingung,
bnran,yangbenar,
bntr,sebentar,
bnyk,banyak,
bodor,lucu,
bohay,badanaduhai,
bokap,ayah,
bokep,porno,
bokep,videoporno,
boker,buangairbesar,
bokin,pacar,
bokis,bohong,
bole,boleh,
boljug,bolehjuga,
bolot,bodoh,
bonek,bocahnekat,
bonyok,ayahibu,
bopi,badanolahragaprofesionalindonesia,
boyeh,boleh,
bpk,bapak,
br,baru,
brb,segerakembali,
brg,bareng,
brhadapan,berhadapan,
brngkt,berangkat,
bro,saudaralaki-laki,
brp,berapa,
brsdia,bersedia,
brstu,bersatu,
bru,baru,
brur,saudaralaki-laki,
bs,bisa,
bsa,bisa,
bsen,bosan,
bsk,besok,
bsr,besar,
bt,bosansekali,
bt,buat,
btol,botol,
btw,bytheway,
btw,ngomong-ngomong,
bu_bu,tidur,
buangbuang,buang,
buaya,tidaksetia,
bubarin,bubarkan,
bubbu,tidur,
buber,bukabersama,
bubu,tidur,
bujubune,luarbiasa,
bumil,ibuhamil,
bunuh2an,bunuh-bunuhan,
buser,burusergap,
buzzerbuzzer,buzzer,
bw,bawa,
bwhn,bawahan,
bwt,buat,
byar,bayar,
byk,banyak,
byr,bayar,
byrin,bayarkan,
c8,chat,
cabal,sabar,
cabut,pergi,
cadas,keren,
caem,cakep,
cakap,berbicara,
calo,makelar,
cama-cama,sama-sama,
can,belum,
cangcut,celanadalam,
capcus,pergi,
cape,capek,
capek,lelah,
caper,cariperhatian,
capresss,calonpresiden,
caur,jelek,
cayalah,percaya,
cb,coba,
cc,carboncopy,
ce,cewek,
cekak,tidakadauang,
cekal,cegahtangkal,
cekidot,cobalihat,
cemen,penakut,
cemplungin,cemplungkan,
cengengesan,tertawa,
cepat2,cepatcepat,
ceper,pendek,
cepet,cepat,
ceu,kakakperempuan,
cew,cewek,
cewe,cewek,
chuyunk,sayang,
cibuk,sibuk,
cimeng,ganja,
cin,cinta,
cipikacipiki,ciumpipikananciumpipikiri,
ciye,cie,
ciyh,sih,
cjr,coboyjunior,
ckck,ck,
ckepp,cakep,
ckp,cakep,
ckp,cukup,
clbk,cintalamabersemikembali,
cm,cuma,
cmiiw,correctmeifi'mwrong,
cmpr,campur,
cmpur,campur,
cnenk,senang,
cong,banci,
congor,mulut,
conlok,cintalokasi,
cos,cause,
cow,cowo,
cow,cowok,
cowwyy,maaf,
coz,karena,
cp,siapa,
cpa,siapa,
cpe,capek,
cppa,siapa,
cppe,capek,
cr,cara,
crny,caranya,
cth,contoh,
cucok,cocok,
cuek,tidakacuh,
cuex,cuek,
cuman,Cuma,
cumi,Cumamiscall,
cungkring,kurustinggi,
cups,culun,
cupu,culun,
curanmor,pencuriankendaraanbermotor,
curas,pencuriandengankekerasan,
curcol,curahanhaticolongan,
curhat,curahanhati,
cust,customer,
cwek,cewek,
cwo,cowo,
cwok,cowok,
cyin,cinta,
cz,karena,
d,di,
dagh,sudah,
dah,deh,
dah,sudah,
damang,sehat,
dapet,dapat,
dateng,datang,
de,adik,
dech,deh,
dek,adik,
deket,dekat,
demen,suka,
denger,dengar,
dengerin,dengarkan,
deyh,deh,
dg,dengan,
dgn,dengan,
dgn,dengan,
dgr,dengar,
dh,deh,
dh,sudah,
diancurin,dihancurkan,
die,dia,
diem2,diamdiam,
digosipin,digosipkan,
dikti,direktoraljendralpendidikantinggi,
dimaafin,dimaafkan,
dimana2,dimana-mana,
dimintak,diminta,
dimna,dimana,
direhap,direhab,
disono,disana,
diuber,dikejar,
dket,dekat,
dki,daerahkhususibukota,
dkit,sedikit,
dkk,dankawankawan,
dkk,dankawan-kawan,
dl,dulu,
dll,danlainlain,
dll,danlain-lain,
dlm,dalam,
dlu,dulu,
dmaksud,dimaksud,
dmn,dimana,
dn,dan,
dngn,dengan,
doang,saja,
dodol,bodoh,
doi,dia,
doku,uang,
donjuan,playboy,
dongok,bodoh,
dongs,dong,
donk,dong,
donlot,unduh,
dpr,dewanperwakilanrakyat,
dprd,dewanperwakilanrakyatdaerah,
dpt,dapat,
dpt,dapat,
dr,dari,
dri,dari,
drmana,darimana,
drmn,darimana,
drpd,daripada,
drpd,daripada,
drtd,daritadi,
dsb,dansebagainya,
dst,danseterusnya,
dstu,disitu,
dtg,datang,
dugem,duniagemerlap,
duh,aduh,
duit,uang,
dulu,dahulu,
dungu,bodoh,
duren,durian,
dy,dia,
dzolim,zalim,
ed,edisi,
edan,gila,
ego,emosi,
egp,emangguepikirin,
eike,aku,
eke,aku,
elo,anda,
elo,kamu,
elu,kamu,
emang,memang,
emangnya,memangnya,
emank,memang,
emg,memang,
emng,memang,
emte,makanteman,
endak,tidak,
engga,tidak,
enggak,tidak,
entar,nanti,
envy,iri,
eps,episode,
etc,etcetera,
ex,mantan,
ext,extension,
fahami,pahami,
fak,fakultas,
fakta2,fakta-fakta,
faktakta,fakta,
fax,facsimile,
fb,facebook,
fdsi,forumdiskusisuporterindonesia,
fifo,firstinfirstout,
finek,finansialekonomi,
fisip,fakultasilmusosialdanilmupolitik,
fitnag,fitnah,
folbek,followback,
fpi,frontpembelaislam,
fwd,diterukan,
fyi,sebagaiinformasi,
g,tidak,
ga,tidak,
gaada,tidakadauang,
gabisa,tidakbisa,
gag,tidak,
gahar,sangar,
gaje,tidakjelas,
gak,tidak,
gakpapa,tidakapa-apa,
gak,tidak,
gamau,tidakmau,
gan,juragan,
gan,juragan,
gantengbs,ganteng,
gantengsaya,ganteng,
gapapa,tidakapa-apa,
gaptek,gagapteknologi,
gatau,tidaktahu,
gatek,gagapteknologi,
gatot,gagaltotal,
gawe,kerja,
gax,tidak,
gbs,tidakbisa,
gd,gusdur,
gda,tidakadauang,
gebetan,orangyangdisuka,
geer,gederasa,
gegara,gara-gara,
geje,tidakjelas,
gelo,gila,
gene,begini,
gepeng,gelandangandanpengemis,
ghiey,lagi,
ghiy,lagi,
gi,lagi,
gib,gerakanindonesiaberadab,
gile,gila,
giman,gigimancung,
gimana,bagaimana,
gini,begini,
gino,giginongol,
gitchu,gitu,
githu,gitu,
gitu,begitu,
gj,tidakjelas,
gk,tidak,
gmana,bagaimana,
gmn,bagaimana,
gmn,bagamana,
gn,begini,
goblog,goblok,
goblok,bodoh,
gokil,gila,
golongan2,golongan-golongan,
golput,golonganputih,
gombal,sukamerayu,
good,bagus,
governor,gubernur,
gowes,mengayuhsepeda,
gpl,tidakpakailama,
gpny,tidakpunya,
gpp,tidakapa-apa,
gr,gederasa,
gretong,gratis,
gretongan,gratisan,
gt,begitu,
gt,gitu,
gtau,tidaktahu,
gtw,tidaktahu,
gua,saya,
gub,gubernur,
gue,saya,
guna,menggunakan,
guoblok,goblok,
guys,teman-teman,
gw,saya,
gws,cepatsembuh,
ha,tertawa,
habis2an,habis-habisan,
haghaghag,tertawa,
haha,tertawa,
hak2,hakhak,
hakhak,tertawa,
hallow,halo,
ham,hakasasimanusia,
handak,bahanpeledak,
hankam,pertahanandankeamanan,
hansip,pertahanansipil,
happy,bahagia,
hardcore,keras,
hehe,he,
hellow,halo,
helo,halo,
helow,halo,
heter,pembenci,
heters,pembenci,
hey,hai,
hi,hai,
hlm,halaman,
hlng,hilang,
hny,hanya,
hnya,hanya,
hoax,isubohong,
hot2nya,hot-hotnya,
houm,rumah,
hr,hari,
hrs,harus,
hrus,harus,
hubad,hubunganangkatandarat,
hubdar,perhubungandarat,
hubla,perhubunganlaut,
huff,mengeluh,
huft,mengeluh,
hum,rumah,
humas,hubunganmasyarakat,
humoris,lucu,
humz,rumah,
hurts,pedih,
ide2,ide-ide,
idk,sayatidaktahu,
idup,hidup,
ikon,lambang,
ilang,hilang,
ilfeel,tidaksuka,
ilfil,tidaksuka,
imba,jagosekali,
imho,inmyhumbleopinion,
imoet,imut,
imoetz,imut,
indinesia,indonesia,
indo,indonesia,
indon,Indonesia,
info,informasi,
insom,insomnia,
ipb,institutpertanianbogor,
irit,hemat,
isengin,bercanda,
ista,nista,
istaa,nista,
isu2,isu-isu,
item,hitam,
itj,Indonesiatanpajil,
ito,itu,
itu2,itu-itu,
itung,hitung,
itungan,hitungan,
iy,iya,
iyala,iyalah,
iye,iya,
iyo,iya,
ja,saja,
jabar,jawabarat,
jablay,jarangdibelai,
jadiin,jadi,
jadiin,jadikan,
jadul,jamandulu,
jaim,jagaimage,
jan,jangan,
jancuk,anjing,
janjinyaa,janji,
jargon2,jargonjargon,
jatim,jawatimur,
jatohin,menjatuhkan,
jawapan,jawaban,
jayus,tidaklucu,
jd,jadi,
jdi,jadi,
jdikan,jadikan,
je,saja,
jelas2,jelas-jelas,
jem,jam,
jentelmen,berani,
jg,juga,
jga,juga,
jgk,juga,
jgn,jangan,
jgnkan,jangankan,
ji2k,jijik,
jijay,jijik,
jil,jaringanislamliberal,
jir,anjing,
jjk,jijik,
jk,jika,
jkt,jakarta,
jln,jalan,
jng,jangan,
jnj,janji,
joget2,joget-joget,
jomblo,tidakpunyapacar,
jth,jatuh,
jual2,jual-jual,
jubir,jurubicara,
jurdil,jujuradil,
jutek,galak,
jwb,jawab,
k,ke,
ka,kakak,
kab,kabupaten,
kabag,kepalabagian,
kabor,kabur,
kacian,kasihan,
kacrut,kacau,
kadang2,kadangkadang,
kadit,kepaladirektorat,
kadiv,kepaladivisi,
kaga,tidak,
kagak,tidak,
kaka,kakak,
kalo,kalau,
kalo,kalau,
kaltim,kalimantantimur,
kampret,sialan,
kamtib,keamanandanketertiban,
kamtibmas,keamanandanketertibanmasyarakat,
kamuh,kamu,
kamuwh,kamu,
kamyu,kamu,
kan,akan,
kanwil,kantorwilayah,
kapolri,KepalaPolisiRepublikIndonesia,
kapt,kapten,
karna,karena,
kasat,kepalasatuan,
kasubbag,kepalasubbagian,
kasubbid,kepalasubbidang,
kata2,kata-kata,
katrok,kampungan,
kau,kamu,
kawan2,kawan-kawan,
kayanya,kayaknya,
kbar,kabar,
kbr,kabar,
kcian,kasihan,
kdng,kadang,
kdu,harus,
ke,kah,
kebranian,keberanian,
keburu,terlanjur,
kec,kecamatan,
kedubes,kedutaanbesar,
kejar2,kejar-kejar,
kejurnas,kejuaraannasional,
kek,kaya,
kek,seperti,
kekeuh,keraskepala,
keknya,kayaknya,
keknya,kayanya,
kel,kelompok,
kel,kelurahan,
keliatan,kelihatan,
kemaren,kemarin,
kemenag,kementrianagama,
kemenkominfo,kementriankomunikasidaninformatika,
kemrin,kemarin,
keneh,masih,
kentot,senggama,
kepengen,mau,
kepikiran,terpikirkan,
kepingin,mau,
kepo,mautahuurusanorang,
kepsek,kepalasekolah,
kere,tidakpunyauang,
kesbang,kesatuanbangsa,
kesian,kasihan,
kesihatan,kesehatan,
kesra,kesejahteraanrakyat,
ketauan,ketahuan,
ketrima,diterima,
ketum,ketuaumum,
keukeuh,keraskepala,
kgiatan,kegiatan,
khan,kan,
kibul,bohong,
kibus,kakibusuk,
kimpoi,kawin,
kk,kakak,
kl,kalau,
klian,kalian,
klianz,kalian,
klmpk,kelompok,
klo,kalau,
kloter,kelompokterbang,
kls,kelas,
kluarga,keluarga,
klw,kalau,
klwrga,keluarga,
km,kamu,
kmaksiatan,kemaksiatan,
kmari,kemari,
kmna,kemana,
kmps,kampus,
kmpus,kampus,
kmrm,kemeramen,
kmrn,kemarin,
kn,kan,
knal,kenal,
kne,terlibat,
knl,kenal,
knp,kenapa,
knpa,kenapa,
koar,teriak,
kodya,kotamadya,
kog,kok,
komdis,komisidisiplin,
kompi,komputer,
komsov,komunissovyet,
komtiong,komunisTiongkok,
komun,komunitas,
kongkow,kumpulbarengteman-teman,
konjen,konsulatjenderal,
konpers,konferensipers,
kopdar,kopidarat,
koq,kok,
korup,korupsi,
kowe,kamu,
kpai,komisiperlindungananakindonesia,
kpd,kepada,
kpd,kepada,
kpid,komisipenyiaranindonesiadaerah,
kpk,komisipemberantaskoruptor,
kpn,kapan,
kptsan,keputusan,
krenz,keren,
krik,garing,
krim,kirim,
krm,kirim,
krn,karena,
ksadaran,kesadaran,
kt,kita,
ktauan,ketahuan,
ktipu,tipu,
ktk,ketika,
ktmu,ketemu,
ktny,katanya,
ktp,kartutandapenduduk,
ktr,kantor,
kudu,harus,
kuper,kurangpergaulan,
kuq,kok,
kurng,kurang,
kw,imitasi,
kwn,kawan,
ky,kaya,
ky,seperti,
kyk,kayak,
kyk,seperti,
kykny,kayanya,
la,lah,
laka,kecelakaan,
laki2,laki-laki,
lam,salam,
lambreta,lambat,
lamp,lampiran,
langi,langit,
lansia,lanjutusia,
lanud,landasanudara,
lapas,lembagapemasyarakatan,
larang2,larang-larang,
latgab,latihangabungan,
lawyer2,lawyerlawyer,
lbh,lebih,
lbur,libur,
lebay,berlebihan,
leh,boleh,
lekong,laki-laki,
lelet,lambat,
lemot,lambat,
lemot,lambatberfikir,
lemot,lemahotak,
lesbia,lesbian,
less,kurang,
lg,lagi,
lgi,lagi,
lgkp,lengkap,
lgsg,langsung,
lha,lah,
lht,lihat,
liat,lihat,
light,terang,
linmas,perlindunganmasyarakat,
litbang,penelitiandanpengembangan,
liwat,lewat,
lknt,laknat,
lmyan,lumayan,
lmyn,lumayan,
lngkp,lengkap,
lo,anda,
lo,kamu,
loch,loh,
loe,kamu,
lol,lucu,
lol,tertawa,
lola,lambatberfikir,
lom,belum,
louph,cinta,
loupz,cinta,
low,kalau,
lowh,kamu,
lp,lupa,
lsm,lembagaswadayamasyarakat,
lu,anda,
lu,kamu,
luber,"langsung,umum,bebas,danrahasia",
luchu,lucu,
luchuw,lucu,
luff,cinta,
lum,belum,
luph,cinta,
luthu,lucu,
luv,love,
lw,kamu,
lwn,lawan,
lwt,lewat,
lyf,live,
ma,sama,
maacih,terimakasih,
maaciw,terimakasih,
mabal,bolos,
mabes,markasbesar,
macem,macam,
macem-macem,macam-macam,
macet2an,macet-macetan,
macih,masih,
madesu,masadepansuram,
maem,makan,
maen,main,
magabut,makangajibuta,
mahatma,majusehatbersama,
maho,homo,
majority,mayoritas,
mak,ibu,
makjang,kaget,
makasih,terimakasih,
maksain,memaksa,
malah,bahkan,
malem,malam,
malu2in,memalukan,
mam,makan,
mamz,makan,
mana2,mana-mana,
maneh,kamu,
manen,panen,
manggil,panggil,
manies,manis,
maniez,manis,
mantabssbagus,,
mantep,mantap,
mao,mau,
maren2,kemarin-kemarin,
markus,makelarkasus,
masama,sama-sama,
masing2,masing-masing,
masukin,masukkan,
masy,masyarakat,
mati2,mati-mati,
maybe,mungkin,
mb,mbak,
mba,mbak,
mbabibuta,ceroboh,
mbahas,membahas,
mbaur,baur,
mbelain,belain,
mbual,bual,
mbual,membual,
mcm,macam,
mdh,mudah,
mdh2an,mudah-mudahan,
medsos,mediasosial,
melayakni,melayani,
melu,ikut,
mencarut2,mencarut,
mending,lebihbaik,
mendpt,mendapat,
menjdi,menjadi,
menklarifikasi,mengklarifikasi,
menolak,tolak,
menpora,menteripemudadanolahraga,
menristek,"mentririset,teknologidanpendidikan",
mensos,menterisosial,
mepet,dekatsekali,
mesjid,masjid,
met,selamat,
metro,metropolitan,
mga,,moga
mgkin,mungkin,
mgkn,mungkin,
mgu,minggu,
mhn,mohon,
migas,minyakdangasbumi,
miker,minumankeras,
mikol,minumanberalkohol,
milis,mailinglist,
miras,minumankeras,
miumi,majelisintelektualdanulamamudaindonesia,
mjadikan,menjadikan,
mjd,menjadi,
mksd,maksud,
mlah,malah,
mlalui,melalui,
mlm,malam,
mls,malas,
mmbuat,membuat,
mmg,memang,
mmng,memang,
mndukung,mendukung,
mngajarkan,mengajarkan,
mngkn,mungkin,
mninggal,meninggal,
mnipu,tipu,
mnjd,menjadi,
mnolak,menolak,
mnolak,tolak,
mnrtmu,menurutmu,
mnt,minta,
mnyumbang,menyumbang,
mo,mau,
modar,mati,
moga,semoga,
moge,motorgede,
mokad,mati,
mokat,mati,
moso,masa,
mosok,masa,
most,paling,
mpe,sampai,
mpr,majelispermusyawaratanrakyat,
mrk,mereka,
msh,masih,
msk,masuk,
mskpn,meskipun,
mslh,masalah,
msng2,masing-masing,
msuh,musuh,
mt,makanteman,
muahal,mahal,
mubes,musyawarahbesar,
mui,majelisulamaindonesia,
muker,musyawarahkerja,
mulu,melulu,
mumet,pusing,
mumpung,selagi,
muna,munafik,
munas,musyawarahnasional,
munaslub,musyawarahnasionalluarbiasa,
munfik,munafik,
muntaber,muntahdanberak,
musda,musyawarahdaerah,
musti,mesti,
muter2,muter-muter,
muup,maaf,
muupz,maaf,
muuv,maaf,
mw,mau,
mw,nowwatching,
mz,mas,
n,dan,
na,nya,
naas,nahas,
nak,hendak,
nal,kenal,
nan,dan,
nanam,menanam,
nangis,menangis,
nanya,bertanya,
naon,apa,
napa,kenapa,
napi,narapidana,
napol,narapidanapolitik,
napza,"narkotika,alkohol,psikotropika,danzatadiktif",
naq,anak,
narkoba,"narkotika,psikotropika,danobatterlarang",
narsis,banggapadadirisendiri,
nasgor,nasigoreng,
nax,anak,
nda,tidak,
ndak,tidak,
ndak,tidak,
ndiri,sendiri,
ndut,gendut,
ne,ini,
negri,negeri,
nekolim,neokolonialisme,
nekolin,neokolonialisme,
nelfon,menelepon,
nembak,menyatakancinta,
next,lanjut,
ngabis2in,menghabiskan,
ngabuburit,menungguberbukapuasa,
ngakak,tertawa,
ngaku,mengaku,
ngambek,marah,
ngambil,mengambil,
ngampus,pergikekampus,
ngamuk2,ngamuk-ngamuk,
nganggur,tidakpunyapekerjaan,
ngantri,mengantri,
ngapah,kenapa,
ngapain,sedangapa,
ngaret,terlambat,
ngaruh,berpengaruh,
ngasih,memberikan,
ngawur,berbicarasembarangan,
ngebandel,berbuatbandel,
ngebully,intimidasi,
ngeceng,kumpulbareng-bareng,
ngegosip,bergosip,
ngeh,sadar,
ngehe,kesal,
ngeklaim,mengklaim,
ngekos,tinggaldikos,
ngeksis,menjadieksis,
ngelamar,melamar,
ngeles,berkilah,
ngeliat,melihat,
ngelidur,menggigau,
ngemeng,bicaraterus-terusan,
ngentot,senggama,
ngentotin,senggama,
ngerampok,merampok,
ngeri,seram,
ngerti,mengerti,
ngga,tidak,
nggak,tidak,
ngibul,berbohong,
ngikut,ikut,
ngiler,mau,
nginep,menginap,
ngiri,iri,
ngisi,mengisi,
ngisiin,mengisikan,
ngmg,bicara,
ngmng,bicara,
ngn,dengan,
ngo,nongovernmentalorganization,
ngocol,lucu,
ngomong,bicara,
ngomongin,membicarakan,
ngubek2,mencari-cari,
ngumpet,sembunyi,
ngumpul,berkumpul,
ngurus,mengurus,
ngusir2,usir-usir,
nh,nih,
ni,ini,
nice,bagus,
nie,ini,
niech,nih,
nih,ini,
nikahkah,nikahkan,
nimbrung,ikutserta,
nipu,tipu,
nitizen,netizen,
niyh,nih,
nk,ingin,
nkah,nikah,
nmenarik,menarik,
nmr,nomor,
nnt,nanti,
nnti,nanti,
nntn,nonton,
no,nomor,
nobar,nontonbareng,
nongkrong,kumpul-kumpul,
np,nowplaying,
nrp,narapidana,
ntap,mantap,
ntar,nanti,
ntar,sebentar,
ntn,nonton,
nu,nahdatululama,
nuhun,terimakasih,
numpuk,bertumpuk,
nunggu,menunggu,
nutupin,menutupi,
ny,nya,
nyaingin,saing,
nyalahin,salah,
nyampah,membuatsampah,
nyampyr,nyampur,
nyang,yang,
nyari,mencari,
nyariin,mencari,
nyasar,tersesat,
nyekar,menyekar,
nyela,cela,
nyembah,sembah,
nyemot,ambil,
nyerang,serang,
nyiapin,mempersiapkan,
nyicil,mencicil,
nyiram,menyiram,
nympr,nyampur,
nyoblos,mencoblos,
nyok,ayo,
nyokap,ibu,
o,oleh,
o/,oleh,
odmk,orangdenganmasalahkejiwaan,
ogah,tidakmau,
oia,ohiya,
ok,ok,
okt,oktober,
ol,oleh,
ol,online,
omdo,omongdoang,
omg,ohmygod,
omong2,ngomong-ngomong,
ongkir,ongkoskirim,
oon,bodoh,
oot,outoftopic,
orange,oranye,
org,orang,
org2,orang-orang,
orglaen,oranglain,
orkes,olahragadankesehatan,
ortu,orangtua,
ospek,orientasistudidanpengenalankampus,
otda,otonomidaerah,
otre,ok,
otw,"ontheway,sedangdijalan",
our,kami,
p,per,
p.s,pesan,
p0rn,porno,
pa,apa,
pacal,pacar,
pahe,pakethemat,
pake,pakai,
pakek,pakai,
pala,kepala,
panja,panitiakerja,
pansus,panitiakhusus,
pantura,pantaiutara,
paranoid,takut,
parno,takut,
parpol,partaipolitik,
parte,partai,
pas2an,pas-pasan,
pasutri,pasangansuamiistri,
patas,cepatdanterbatas,
pd,pada,
pdhl,padahal,
pdhl,padahal,
pdip,partaidemokrasiIndonesiaperjuangan,
pdskji,perhimpunandokterspesialiskedokteranjiwaindonesia,
pdt,padat,
pecahan2,pecahan-pecahan,
pede,percayadiri,
pelanggarab,pelanggaran,
pelatda,pemusatanlatihandaerah,
pelatnas,pemusatanlatihannasional,
pelcehn,pelecehan,
pembokat,pembantu,
pemda,pemerintahdaerah,
pemilu,pemilihanumum,
pemko,pemerintahkota,
pemkot,pemerintahkota,
pemprov,pemerintahprovinsi,
pemred,pemimpinredaksi,
pendukung2,pendukung-pendukung,
penertiban,tertib,
pengen,ingin,
penjas,pendidikanjasmani,
penmas,pendidikanmasyarakat,
perda,peraturandaerah,
perek,wanitatunasusila,
peremp,perempuan,
pergub,peraturangubernur,
perhatiin,perhatikan,
pertamax,pertama,
pesenan,pesanan,
pesenin,pesankan,
pgang,pegang,
pgi,pagi,
pgi,pergi,
pi,tapi,
pihak2,pihakpihak,
pijetin,pijitkan,
pilgub,pemilihangubernur,
pilkada,pemilihankepaladaerah,
pimpro,pemimpinproyek,
pinter2,pintar-pintar,
pisan,sangat,
pisgor,pisanggoreng,
pk,penjahatkelamin,
pke,pakai,
pket,paket,
pkr,pakar,
pks,partaikeadilansejahtera,
plg,paling,
plh,pilih,
pls,tolong,
pm,privatemessage,
pmhaman,pemahaman,
pmrnth,pemerintah,
pndkung,pendukung,
pndukung,pendukung,
pnjilat,penjilat,
pns,pegawainegerisipil,
pny,punya,
poin2,poin-poin,
polantas,polisilalulintas,
polda,kepolisiandaerah,
polres,kepolisianresor,
polwan,polisiwanita,
pon,juga,
ponpes,pondokpesantren,
ponsel,teleponseluler,
poster2,poster-poster,
pp,pimpinanpusat,
pp,pulangpergi,
ppa,apa,
presh,segar,
prg,pergi,
prikitiw,cie,
priksa,periksa,
prilaku,perilaku,
prnh,pernah,
pro,profesional,
problem,masalah,
prototype,contoh,
prov,provinsi,
psen,pesan,
psn,pesan,
psr,pasar,
pst,pasti,
psti,pasti,
pswt,pesawat,
ptemuan,pertemuan,
puanas,panas,
pulgar,kasar,
puskesmas2,puskesmas-puskesmas,
puyeng,pusing,
pw,posisinyaman,
qmo,kamu,
qmu,kamu,
qt,kita,
rakor,rapatkoordinasi,
rame,ramai,
rang,orang,
ranmor,kendaraanbermotor,
raskin,rakyatmiskin,
rata2,rata-rata,
re,reply,
red,redaksi,
ref,referensi,
reg,register,
rehab,rehabilitasi,
rejeki,rezeki,
rekan2,rekan-rekan,
reklamuk,reklamasi,
rempah2,rempah-rempah,
rempong,sulit,
renstra,rencanastrategis,
repp,balas,
reskrim,resersekriminal,
restik,resersenarkotika,
rhs,Rahasia,
rhs,rahasia,
rights,benar,
rja,raja,
rkyt,rakyat,
rmbt,rambut,
rmh,rumah,
rofl,rollingonthefloorlaughing,
ru,baru,
rubahnn,rubah,
rudal,pelurukendali,
ruko,rumahtoko,
rusun,rumahsusun,
rusunawa,rumahsusunsewa,
rutan,rumahtahanan,
ruu,rancanganundang-undang,
ruz,terus,
rwt,rawat,
s4,sempat,
sadaar,sadar,
sah2,sah-sah,
saia,saya,
saiank,sayang,
salting,salahtingkah,
saltum,salahkostum,
sampe,sampai,
sampeyan,anda,
samsek,samasekali,
sapa,siapa,
sapose,siapa,
satkorlak,satuankoordinatorpelaksana,
satpam,satuanpengamanan,
say,sayang,
say,sayang,
sayan,sayang,
sbaliknya,sebaliknya,
sbb,sebagaiberikut,
sbg,sebagai,
sbg,sebagai,
sbgn,sebagian,
sbh,sebuah,
sblm,sebelum,
sbnr,sebenar,
sbnrny,sebenarnya,
sbntr,sebentar,
scara,secara,
scr,secara,
sdg,sedang,
sdgkn,sedangkan,
sdh,sudah,
sdkt,sedikit,
sdkt,sedikit,
sdngkn,sedangkan,
se7,setuju,
seabrek,banyak,
sebelasduabelas,mirip,
sebelom,sebelum,
sebgmn,sebagaimana,
sebuk,sibuk,
sekjen,sekretarisjenderal,
selaen,selain,
selmt,selamat,
semau,asal,
sembako,sembilanbahanpokok,
sempak,celanadalam,
sempet,sempat,
sempet2nya,sempat-sempatnya,
sendratari,senidramatari,
seorg,seorang,
sept,september,
serasiii,serasi,
sertijab,serahterimajabatan,
sesok,besok,
sesok,besok,
seting,akting,
setting,atur,
sgl,segala,
sgrc,supportgroupandresourcecenter,
sgt,sangat,
sgtunya,segitunya,
shg,sehingga,
shg,sehingga,
shrsnya,seharusnya,
siap2,siap-siap,
sidak,inspeksimendadak,
siech,sih,
sieyh,sih,
sigh,sih,
sik,sih,
sikon,situasidankondisi,
simiskin,miskin,
simpedes,simpananpedesaan,
sinetron,sinemaelektronik,
sip,ok,
siramin,siramkan,
sis,kakakperempuan,
sj,saja,
sjk,sejak,
skali,sekali,
skalian,sekalian,
skl,sekali,
sklh,sekolah,
skrg,sekarang,
skt,sakit,
skul,sekolah,
slalu,selalu,
slama,selama,
slesai,selesai,
slh,salah,
sll,selalu,
sllu,selalu,
slm,salam,
slma,selama,
slmt,selamat,
slsai,selesai,
slt,sulit,
sm,sama,
sma,sama,
smg,semoga,
smkn,semakin,
smpt,sempat,
smua,semua,
smw,semua,
smwny,semuanya,
sndiri,sendiri,
sng,senang,
sni,sini,
soft,halus,
sohib,teman,
sokong,dukung,
soljum,sholatjumat,
solve,solusi,
somse,sombongsekali,
songong,sombong,
sorry,maaf,
sory,maaf,
sosbud,sosial-budaya,
sosek,sosial-ekonomi,
sospol,sosial-politik,
sotoy,soktahu,
sowry,maaf,
spa,siapa,
spd,sepeda,
sppa,siapa,
sprti,seperti,
spt,seperti,
spy,supaya,
srt,surat,
srtfkt,sertifikat,
stelah,setelah,
stiap,setiap,
still,masih,
stlh,setelah,
stop,henti,
subbag,subbagian,
suk,masuk,
sumbangin,sumbangkan,
sumpek,sempit,
sy,saya,
sya,saya,
syg,sayang,
syp,siapa,
t4,tempat,
tabanas,tabunganpembangunannasional,
tahi,kotoran,
tai,kotoran,
taik,kotoran,
taik,tahi,
tajir,kaya,
tak,tidak,
tar,nanti,
tarik2,tarik-tarik,
tau,tahu,
tau,tahu,
tauk,tahu,
taun,tahun,
taw,tahu,
tawh,tahu,
tayangan2,tayangan-tayangan,
td,tadi,
tdi,tadi,
tdk,tidak,
te2p,tetap,
teh,kakakperempuan,
teken,tekan,
tekor,rugi,
telat,terlambat,
telkom,telekomunikasi,
telmi,telatberpikir,
telp,telepon,
teman2,teman-teman,
temen,teman,
temen2,teman-teman,
tenang2,tenangtenang,
tengil,menyebalkan,
tengok,menjenguk,
tepar,terkapar,
terbitin,terbitkan,
tetp,tetap,
teve,televisi,
tggu,tunggu,
tgl,tanggal,
tgok,tengok,
tgu,tunggu,
thanks,terimakasih,
thankz,terimakasih,
thd,terhadap,
thdp,terhadap,
thn,tahun,
thx,terimakasih,
thx,thanks,
tilang,buktipelanggaran,
tilep,tilap,
tioghoa,tionghoa,
tipi,TV,
tipiwan,TvOne,
tirani,tiran,
tk,tamankanak-kanak,
tk,tidak,
tkg,tukang,
tks,terimakasih,
tl,timeline,
tll,terlalu,
tlp,telepon,
tlpn,telepon,
tls,tulis,
tman,teman,
tmbah,tambah,
tmbh,tambah,
tmen2,teman-teman,
tmn,teman,
tmn2,teman-teman,
tmpah,tumpah,
tmph,tumpah,
tmpt,tempat,
tnda,tanda,
tngu,tunggu,
tnh,tanah,
tni,tentaranasionalindonesia,
tnp,tanpa,
tntg,tentang,
tnya,tanya,
tnyta,ternyata,
togel,totogelap,
tokai,tai,
tokoh2,tokoh-tokoh,
toserba,tokoserbaada,
toys,main,
tp,tapi,
tpi,tapi,
tpi,tetapi,
tq,terimakasih,
trdhulu,terdahulu,
tren,trend,
trending,trend,
trfkir,terfikir,
trgntg,tergantung,
trh,terhadap,
trhdp,terhadap,
trima,terimakasih,
trims,terimakasih,
trimz,terimakasih,
trkhr,terakhir,
trlalu,terlalu,
trllu,terlalu,
trm,terima,
trmsk,termasuk,
trnyt,ternyata,
trs,terus,
trus,terus,
trutama,terutama,
trz,terus,
ts,penulis,
tsangka,tersangka,
tsb,tersebut,
tsb,tersebut,
tsk,tersangka,
tst,tahusamatahu,
ttd,tertanda,
ttg,tentang,
ttng,tentang,
ttp,tetap,
tu,itu,
tuch,tuh,
tuh,itu,
tuir,tua,
tuwh,tuh,
tv,televisi,
tw,tahu,
twit2,tweet-tweet,
twt,tweet,
tyap,tiap,
u,anda,
u,kamu,
u,untuk,
u/,untuk,
uasai,kuasa,
ud,sudah,
uda,sudah,
udah,sudah,
udh,sudah,
ugm,universitasgajahmada,
ui,universitasindonesia,
ujg,ujung,
ujung2nya,ujung-ujungnya,
ul,ulangan,
ultah,ulangtahun,
unair,universitasairlangga,
undang2,undangundang,
undip,universitasdiponegoro,
univ,universitas,
unyu,lucu,
unyu,menggemaskan,
uplot,unggah,
uppu,apa,
urang,saya,
urg,saya,
usah,perlu,
ust,ustadz,
ut,untuk,
utang,hutang,
utip,kutip,
utk,untuk,
utk,untuk,
utul,ujiantertulis,
uu,undang-undang,
valas,valutaasing,
valid,sah,
victory,menang,
vol,volume,
vote,pilih,
w/,dengan,
wad,buat,
wadir,wakildirektur,
wagub,wakilgubernur,
wamil,wajibmiliter,
war,perang,
warbiyasak,luarbiasa,
waria,wanitapria,
warkop,warungkopi,
warnet,warunginternet,
warteg,warungtegal,
wartel,warungtelekomunikasi,
waspadalah,waspada,
wat,buat,
watuk,batuk,
who,worldhealthorganization,
wk,tertawa,
wkt,waktu,
wkt,waktu,
wkwk,tertawa,
wkwkkw,tertawa,
wtf,whatthefuck,
wth,whatthehell,
x,tidak,
xan,takakan,
xew,apa,
xixixi,tertawa,
y,kenapa,
y,ya,
ya,iya,
yad,yangakandatang,
yap,iya,
yapz,iya,
yaudah,yasudah,
yauwda,yasudah,
yawdah,yasudah,
ybs,yangbersangkutan,
yg,yang,
yg,yang,
yi,yaitu,
yl,yanglain,
yng,yang,
yo,iya,
yoha,iya,
yowes,yasudah,
yuk,ayo,
yup,iya,
ywdh,yasudah,
zonk,bodoh,
gimna,gimana,